tradeid,vector_size,pnl
trade1,-710.83;-776.98;-10.86;2013.02;-896.28;298.95;3672.79;-1386.86;-2584.03;488.55;3181.07;2813.85;1049.51;465.08;-593.53;663.1
trade2,203.23;-573.41;45.51;2550.2;1499.2;-1183.25;250.18;805.05;374.61;-1736.6;-2644.4;1757.2;863.27;1498.76;2213.76;444.47;44.52;-1613.66;2429.18;1970.63;1202.05;78.31;477.24;-1677.2;-425.01;7444.82;2394.79;2.61;99.65;1667.79;-387.14;-1495.1;442.71;2059.38;-449.56;3019.96;531.66;1366.65;469.89;-2240.08;-4920.9;797.99;-643.41;-674.21;-828.38;417.82;1105.79;148.01;-1537.2;-34.27;-1168.82;2123.62;-2556.24;-1467.19;834.97;-826.11;-892.77;510.01;-1116.41;998.66;-514.15;-430.34;4482.97;660.06;-274.95;561.59;-1738.68;359.48;1157.35;848.72;207.9;-1155.72;-1014.19;6054.42;-2182.9;1772.21;2841.6;388.06;-4785.27;-2122.62;-2057.75;-1353.27;2565.63;-951.65;554.46;1102.52;467.87;1159.81;2613.84;-155.28;-1364.01;1639.89;-2322.71;-178.04;687.55;1615.54;1473.97;-1038.47;1708.31;2604.08;2659.74;309.85;-346.34;51.78;-1143.13;-1338.28;-1754.0;202.17;1438.94;1577.52;-27.36;185.79;3085.27;-1703.54;1390.29;-2179.6;-585.39;-1064.43;920.08;-133.87;786.2;927.8;3131.6;3046.6;276.71;1387.54;3166.91;1467.32;2472.52;-2322.6;-1458.52;-2578.32;-2392.75;-1259.91;1225.95;3953.67;-1023.71;52.02;628.24;4579.39;591.18;832.48;81.71;735.6;-963.53;-1915.63;1055.11;-1475.53;1734.09;-5402.08;1686.6;-84.62;1615.17;411.17;2574.51;1343.0;267.55;-638.36;-771.99;-3888.42;3248.66;-643.0;611.33;71.95;3499.97;-1111.8;-491.07;479.12;-6.42;-2229.19;809.48;946.27;-338.55;-5206.31;201.15;2916.16;710.08;2338.39;-884.29;-87.52;-1290.49;-667.96;-1339.63;-935.42;528.17;292.62;469.29;1396.89;1064.17;2801.15;-942.28;751.1;-737.72;-1008.53;-387.4;347.94;-4070.41;2969.18;4050.54;-1422.33;3895.42;4218.62;-1077.58;1699.26;2303.79;-450.98;-368.12;3282.81;3756.6;305.84;422.47;4859.0;-686.21;-319.67;1686.66;860.68;1174.32;-3682.98;-1114.47;-532.18;3030.49;-822.54;62.94;350.82;200.31;-338.46;-2781.49;2430.86;-258.74;955.53;-652.94;-402.45;-835.78;-383.3;1489.31;550.99;1979.02;295.75;-792.07;3606.79;-3571.78;-1492.97;-1636.19;760.73;-1033.99;-1722.12;2619.03;387.3;-2555.66;-159.77;-5552.27;-764.59;70.75;862.93;-3063.96;1929.19;-2258.03;2717.07;-1831.16;2488.12;453.2;-365.29;311.21;1248.54;-1174.37;677.4;542.08;-20.29;479.29;34.83;-413.52;597.72;449.4;242.05;1452.43;2939.56;606.96;118.97;1131.54;2233.76;-1901.57;-174.65;31.16;-14.03;-1270.19;1357.12;-56.48;1357.85;-599.8;-6226.72;-140.6;-2471.26;101.97;-402.01;1469.85;2179.02;-884.12;-2906.08;-1521.65;19.29;-3281.54;601.96;527.5;3111.85;848.57;-367.14;-1149.4;-271.52;-3761.07;-1307.08;1857.0;-3214.88;-1027.63;1701.82;-1212.17;1180.29;-809.49;1543.77;2311.97;-467.16;-545.06;-2894.41;-1997.09;-3251.9;-1956.72;-3074.24;-1351.24;-1105.19;4404.1;1688.08;6037.77;-244.4;-1690.2;743.98;663.03;-2482.38;-153.37;301.95;2247.44;1140.89;1165.37;-450.63;3086.38;-3396.48;892.14;1293.43;-1119.04;1140.91;4569.07;3187.15;701.73;-1297.99;540.3;-2773.0;-2417.09;606.32;-262.97;998.66;-161.27;-1552.54;1966.57;-216.5;-1051.75;3513.12;-272.69;1435.67;966.65;1947.43;-5157.25;2221.78;1110.75;461.18,372,203.23
trade3,3661.89;203.95;-626.49;-7115.87;-403.23;-371.77;-2969.1;-261.99;-2333.76;2852.04;-1036.04;-1148.04;353.16;-221.63;3267.5;1033.89;-3681.85;-2402.38;-317.34;2754.06;-847.56;2667.12;-445.91;-1793.95;-1427.75;-1183.29;-1045.55;863.01;-1192.93;1579.62;1489.51;787.71;-3402.34;3692.24;-3453.35;220.32;-606.44;1829.16;218.36;-1230.58;-4410.07;8608.59;-259.54;800.73;724.76;-344.79;-958.76;1920.7;-528.34;-847.25;-1360.74;-792.12;-1029.83;2030.41;2673.7;582.28;-380.25;3853.91;3289.57;404.42;2633.67;-73.69;229.74;1299.62;-824.19;-1352.14;1543.68;653.7;1464.76;922.22;769.92;600.68;-437.45;679.72;-262.72;-2191.97;-145.17;-458.75;-8678.89;271.58;-870.52;-748.0;-1710.41;-185.89;1075.55;110.86;256.23;-3372.79;664.74;-1440.21;4694.39;29.15;-666.69;-1001.89;-540.28;-2125.29;-1409.42;6698.78;758.74;2062.45;-989.18;985.29;1213.11;-4411.95;1308.15;-1430.49;-531.9;-3608.75;-407.61;-2535.98;-524.33;2707.57;-1761.4;1375.41;-401.8;1122.74;296.4;-1006.69;-1298.51;348.66;1588.98;-229.81;1617.47;38.15;-962.4;-511.42;-2448.44;-593.55;-1753.61;1900.07;-2570.87;-2394.41;778.6;737.8;1533.4;-1106.19;-1650.31;893.62;-186.04;2002.87;444.05;1286.13;2976.08;-1169.49;-270.41;-11.7;-4555.03;-1909.17;1423.4;3720.46;-64.42;-1181.46;1363.42;240.65;-445.05;390.8;1708.06;560.12;-2042.82;-61.82;-239.54;-268.12;-145.34;-2392.6;96.56;-1451.68;2365.71;-1135.44;1411.27;2553.98;-1787.91;-1507.05;466.81;296.2;931.39;-3147.86;8771.33;1085.57;857.94;910.91;609.51;1612.77;1861.87;4990.3;238.26;412.59;-2525.36;-150.98;-5881.43;2584.26;381.26;-1598.71;1179.4;-2851.47;873.95;-1192.98;-700.72;-1013.69;437.68;-85.89;-1315.97;891.35;-469.66;-1862.67;-3574.51;-1899.55;-1633.85;-1538.47;2138.81;89.43;-459.18;1785.42;-120.0;717.27;459.92;-233.07;-1593.6;1338.07;-1047.02;-1550.34;-3428.16;-1001.18;1067.66;1809.81;681.81;-248.75;-1141.98;1247.9;-524.1;1465.28;147.16;1223.71;534.45;1700.54;18.06;2577.5;2291.02;-2142.56;-836.4;-279.94;3202.1;2411.6;-760.6;1557.76;-1175.1;2345.43;-400.74;-2306.92;1612.04;-1116.4;3066.0;806.52;-1963.74;1319.38;986.0;1780.13;-1509.1;2454.81;-2189.62;832.65;1468.36;-483.48;-131.67;-271.27;423.24;-2903.83;-3359.63;-195.72;1801.16;-143.3;468.14;2065.1;502.38;-315.32;4892.33;-617.84;-413.93;-1287.75;404.1;2972.08;352.96;-5822.79;527.18;-2623.87;-1587.67;6064.69;967.88;5517.4;-859.49;-5897.16;3577.32;-824.41;-306.37;-1631.52;-1361.72;1492.43;-1456.72;2505.64;-5.92;-2893.11;-910.09;1007.44;3681.41;2707.89;-1844.58;-2904.92;-2636.72;-6965.19;-1407.77;-627.65;967.68;-2145.3;427.2;-276.8;364.7;4181.43;1080.54;350.23;-270.15;465.02;-1146.57;-1174.94;6557.01;-1680.19;949.63;-4484.22;-2020.92;239.01;-724.82;3192.04;943.87;-1963.02;-1400.77;-519.12;-77.94;332.61;2018.01;-1575.18;-159.75;-185.56;-1047.62;-398.29;4557.89;-707.11;-3091.13;4576.36;-1515.77;-1238.01;-943.05;-524.63;344.53;2209.17;-1157.8;2102.68;-2763.68;-430.46;1130.72;-299.2;-1072.73;3542.23;-4909.68;3827.57;-895.4;2853.63;-208.7;-591.48;1224.56;5548.37;-914.12;1838.47;-5182.33;-179.3,372,3661.89
trade4,-1193.54;-3460.51;654.56;-718.25;1849.24;810.73;474.33;5833.43;2010.71;-1076.93;327.4;1753.09;-1765.9;4908.86;-1139.28;-296.13;2080.44;-1005.14;545.74;-227.4;2152.32;-1776.47;-7035.95;536.58;-187.55;126.14;928.54;338.31;-750.29;-593.32;-1159.64;785.74;-1818.47;3152.89;3489.73;2262.68;-1382.52;-3414.19;2900.96;-393.64;-4998.54;-602.73;1696.5;-2486.04;4151.68;-2126.37;-100.28;-2703.63;-596.33;1992.07;-231.59;-1181.98;-1688.01;1946.62;652.51;935.43;-992.59;2555.81;-4349.19;-2069.42;-290.33;-909.13;94.73;-2771.46;-754.29;1293.92;-867.42;-1019.87;498.15;-1837.85;-481.95;-2969.3;-1265.42;-6067.31;-2337.93;813.72;-98.57;-1497.11;561.58;5447.57;-3219.94;1386.95;-0.21;75.0;1938.51;-378.04;1602.45;5.31;153.71;-983.32;-1187.54;-3493.81;2151.35;374.74;107.99;-1087.53;1327.18;-6345.79;1585.49;-2677.47;-1437.14;680.22;-5858.58;1280.67;-599.95;3376.6;-1026.47;-13.65;3680.56;56.53;434.11;704.5;-42.77;-415.25;357.2;-1963.68;-1130.23;1216.96;783.28;395.96;-243.12;573.65;1803.91;1133.76;5803.88;-1873.97;3297.66;3655.34;3425.78;55.86;1505.89;1149.29;-5298.22;-600.66;-999.13;3821.16;1678.76;-728.01;-4253.08;-916.4;37.59;1891.3;688.55;3143.71;-213.11;-3199.24;-435.58;6020.35;1043.99;524.08;-3077.84;-865.41;-4245.82;-2393.11;1046.38;741.64;-614.24;2151.67;-2575.21;290.17;-363.28;4439.88;-659.5;-4894.62;2776.63;-904.38;1420.99;-3901.85;861.63;1006.75;-21.69;-2024.25;2513.49;-68.3;212.94;1015.76;383.16;810.71;-1084.67;222.74;-143.92;587.89;6156.26;-4002.69;-1455.25;1008.06;-1942.75;-2486.48;271.62;2868.57;2609.94;2170.04;2234.59;-2472.4;637.96;2416.75;-1576.63;-886.04;-1944.47;-18.84;-2512.67;-795.34;-3357.37;58.88;633.21;1172.63;-3222.91;1136.5;848.04;-959.19;-404.9;1928.57;-698.08;759.04;3621.98;1115.12;-547.27;1527.63;-26.67;-1876.72;2373.52;-54.37;-2588.89;-733.17;-863.01;199.0;-806.76;-574.76;-2242.15;-2627.97;823.08;-1147.52;465.38;50.73;-622.79;-1155.71;-2248.86;368.17;-710.87;2716.62;1163.67;2095.85;-4135.14;-813.81;-2441.34;271.85;-1859.42;-182.08;-791.3;-1025.3;587.02;-869.07;854.65;4021.25;-3537.33;-1948.86;-949.62;-3428.84;-1209.28;-1605.65;-1283.44;-2206.9;-39.73;79.12;216.22;-440.07;2719.87;2536.68;1507.2;-3008.39;1394.98;-88.29;-121.22;3286.36;848.9;287.66;-775.0;-548.91;515.4;614.17;-5381.34;4555.03;3760.12;-216.66;-2115.35;2612.69;2412.5;-2852.01;-1096.15;223.7;4077.66;-2959.1;-2851.48;109.11;-623.9;-666.16;4770.12;3498.44;2555.51;-1550.24;348.26;14.86;389.79;-138.23;1322.31;-2221.46;306.17;1152.39;139.74;-1918.21;-1036.15;472.63;-2952.32;-1393.33;-1925.52;-1488.68;-1318.12;2090.37;-2248.84;-1307.88;-4313.37;1530.47;1955.99;-692.06;-260.8;1495.1;585.1;-3632.53;-5661.08;-2688.15;1261.42;-1726.86;343.8;190.26;-4780.67;-23.33;-3369.07;-4044.02;852.62;-82.35;2475.17;54.05;722.61;-1056.1;81.26;-1134.48;-1172.7;-1012.32;2515.6;-3717.97;6309.65;1224.94;-3058.04;-295.97;1452.67;-2397.68;-98.21;1917.4;1152.74;411.46;317.95;-678.25;2680.48;1449.22;-2500.83;-463.23;-1367.56;-5929.27;-971.6;3791.53;2385.93;-47.55,372,-1193.54
trade5,-868.54;-871.08;-177.4;-438.35;-796.9;3997.25;-1556.1;886.73;1079.95;828.23;-371.22;-1889.29;-5275.19;-2658.77;-1683.43;-1870.52;607.37;-2792.35;-400.83;-3640.71;-219.26;2465.72;230.23;3324.29;-5770.0;-1231.49;-1827.72;1987.62;1667.72;2719.4;2233.9;267.28;211.16;883.16;1356.51;1115.92;-139.59;1301.2;2192.87;1655.67;-4787.07;3613.36;-1424.33;89.56;-1733.07;-907.29;1686.9;-248.95;-1654.57;3329.91;963.65;-8.88;-706.65;944.45;-517.74;718.96;1665.02;-351.4;281.52;-2512.01;-912.13;-527.49;1529.27;-2750.97;-5353.05;1370.42;300.08;1327.1;1563.14;-64.53;588.73;-2806.69;3894.15;-340.45;-322.45;144.39;2332.43;751.67;-1451.66;840.95;1063.79;-161.6;-650.72;-1161.27;1749.03;-569.55;-2223.36;249.47;-4495.83;-1182.46;412.64;-277.17;-1820.85;-2284.04;-1819.93;2591.09;-1109.34;1276.29;-711.51;-1938.37;-828.2;698.26;-709.78;-1916.25;-273.46;508.86;-5384.01;-2700.16;-1969.75;-475.02;-1969.26;-174.89;478.91;631.2;-754.52;1671.55;2275.2;-40.09;-4078.5;2342.34;130.6;853.79;-1902.49;-1375.38;6503.56;-820.23;-234.23;-300.58;-5133.77;-2290.62;-8202.7;-1007.99;-1054.12;2221.5;-540.0;6540.88;-244.15;-5244.39;-370.64;-229.03;37.3;2685.12;383.12;-7166.18;-113.43;63.97;4827.08;-1960.79;821.14;475.67;-1782.83;-2438.98;87.87;56.46;-1801.88;112.04;-451.51;-1872.9;472.56;-1192.21;43.53;-610.52;-421.53;-3383.8;-1402.17;-369.11;-2756.63;1058.37;256.79;-2600.14;353.05;5422.3;-3280.67;972.22;-1946.84;-531.26;-2910.26;3597.33;110.32;789.52;-2266.54;3903.84;1819.11;1543.24;2309.0;984.59;5019.9;-181.92;-1165.31;1151.56;953.19;-327.69;-2124.5;-1413.94;695.93;619.53;-1688.72;-2426.58;-3705.51;2643.2;-305.1;2340.18;-55.76;-251.35;-2330.66;-2737.91;-1895.1;1721.72;-3376.17;2233.76;-1630.64;3183.84;-1241.43;742.72;-671.99;-2011.42;115.66;-334.78;1256.23;2366.02;4161.33;892.51;2554.4;1612.64;-2419.48;588.02;345.56;1342.36;2251.14;56.53;880.94;-30.85;556.06;3033.78;-6616.54;2666.03;2796.67;2617.78;-874.47;-107.62;-464.15;1224.89;2048.38;-404.46;-1154.49;-6066.05;-406.8;-3316.61;-222.32;829.54;3862.18;-1916.19;3963.25;918.41;1472.23;505.73;1340.45;1488.34;-4556.31;1495.38;-3209.29;-2422.96;-356.52;-4424.55;1690.54;826.52;760.9;-3013.57;6064.68;571.85;-779.29;1339.18;-4658.97;1824.49;-2208.04;68.92;-22.56;969.49;616.23;-306.51;1134.26;-1200.97;-1422.31;1987.83;-58.29;2271.91;-1847.5;-3109.44;251.32;2103.84;-460.01;-81.11;2949.03;3027.95;110.94;-1796.67;1212.17;-919.34;-922.06;-2213.05;-2279.3;-3345.15;2992.16;4136.47;6356.84;412.25;-4816.19;2639.12;3654.48;2351.32;478.92;399.04;1533.44;2663.26;77.94;249.61;-107.43;1512.13;3782.79;1040.73;2254.91;2262.25;-169.63;1987.89;1841.8;-264.75;-982.01;-150.63;435.05;-717.59;-136.86;-1220.23;5386.83;-69.71;2249.61;-6050.88;-84.28;357.34;-6225.34;1286.66;-492.36;-1565.12;-317.13;1206.22;1133.93;3375.59;1959.53;-158.54;446.65;3247.4;-1077.33;941.12;330.41;1310.09;-797.34;91.39;2634.34;1043.75;1420.8;406.34;1027.32;-450.36;812.71;387.13;-435.21;979.44;-1226.52;5065.13;363.83;-3279.94;-3964.72;697.04,372,-868.54
trade6,-1194.72;-1.81.81;257.25;-1925.53;-1073.31;1027.37;-1692.43;-931.05;-2884.77;-850.49;-661.44;420.25;-1037.32;-343.57;951.9;-566.37;3527.01;-349.33;-822.66;2447.24;-1568.91;-500.44;-1535.79;112.35;-426.89;116.46;4419.89;-904.79;-6654.09;-3935.46;1029.46;402.61;-1291.14;1852.0;-81.47;-1557.88;-1167.33;-308.47;-1652.81;29.96;-529.78;3194.03;-1146.15;-551.26;1848.94;-671.23;233.17;-1370.44;2548.15;-811.6;3053.39;-3842.75;-1997.54;-2907.68;-1910.84;-4232.55;-396.8;218.28;392.02;-1039.78;-2980.52;-234.51;2039.89;1133.48;2023.25;-1427.6;647.45;1235.49;2371.96;-634.74;-2003.82;411.57;-7323.05;847.98;36.41;521.95;761.67;-1360.64;2195.84;-3118.38;1114.39;313.21;-6495.65;152.7;1869.22;-651.05;-462.75;1064.07;-491.43;-2398.55;4041.23;831.45;-561.78;3737.79;841.04;1271.33;-6259.74;-934.61;-197.63;4106.53;2121.02;1830.97;7386.71;952.71;-3039.09;-1113.02;2161.65;-1888.33;1007.44;587.38;624.04;819.52;-2242.31;123.8;-221.99;3902.27;-1470.39;2727.06;-796.43;-2050.43;-2247.59;764.88;373.83;3101.59;-242.02;-1130.8;2130.42;1091.66;625.67;-792.8;-893.8;535.24;-3976.89;48.01;1570.14;-3001.99;-4702.87;1040.6;-1358.56;-348.09;2072.85;1073.46;892.57;-542.44;-3385.38;-538.38;554.48;81.59;2276.86;-1963.02;-400.33;-4588.93;1410.43;744.35;5093.23;-1077.82;500.49;386.05;5242.7;-161.68;398.85;4925.18;-986.0;-1964.7;-1790.54;714.16;1112.74;4382.42;1005.86;799.18;-89.01;-1165.29;-586.04;162.72;1004.36;-903.71;-2411.48;-372.69;882.21;904.1;740.15;-1394.38;-1441.8;2586.46;753.4;1698.69;-158.62;-854.92;126.64;-2035.35;-505.41;1284.58;-240.86;1949.47;-817.13;-20.14;2205.13;-3311.36;-1665.37;-2802.58;1850.7;-381.71;2991.84;155.07;3157.75;-450.0;1000.01;-4276.61;-260.07;-685.34;2205.53;-1487.24;-956.96;-2065.11;-469.88;-3973.9;1627.52;1110.1;-2422.4;1477.62;-200.36;1646.65;-3753.66;-1351.11;-967.87;2442.82;-2594.83;-959.9;-1370.05;-935.99;-208.32;1089.41;-231.57;313.43;1503.37;-2531.44;-570.75;-739.84;1367.15;620.49;2821.24;-1469.9;-1682.63;-616.79;-2590.38;4824.05;2720.24;1872.64;216.46;-808.66;342.1;-610.88;353.15;4660.86;-738.66;-1381.44;1897.58;-2254.51;-880.11;597.26;-4973.09;1562.04;-1221.69;-176.44;-1921.65;1135.94;-1779.69;-1980.96;-871.6;-1630.43;3113.03;1098.94;-5860.04;848.08;-821.97;-3914.12;-336.15;1675.43;2325.8;-5142.7;-4298.75;-789.02;869.95;2236.56;812.92;-3863.61;1667.61;126.97;3600.53;3662.58;-1365.3;13.76;3638.49;-3368.89;975.03;735.93;1160.9;-264.94;186.07;-2584.52;458.41;1017.56;242.08;-677.03;146.41;-3492.61;-1970.21;841.88;1993.19;-330.45;1844.34;-753.85;-4325.93;5568.58;-442.9;-144.59;1540.86;-57.41;-196.85;-2127.98;781.14;1028.52;1670.51;1117.26;767.43;2016.57;-3891.84;-4472.66;678.65;-2286.95;1651.21;-3039.51;112.87;-725.21;1835.83;-1697.97;162.01;1541.4;1465.52;550.59;-2911.33;1287.78;-501.37;3439.67;1999.12;1935.81;-209.7;562.92;3648.44;1860.06;-730.34;-2113.83;-48.64;40.54;1214.46;551.62;-879.26;640.02;2040.54;2792.76;2861.98;-460.32;-788.83;3123.78;-754.1;2086.46,372,2100.53
trade27,-811.67;-986.69;-437.13;-33.99;381.9;119.11;4392.34;-4595.34;552.55;3401.92;-784.01;1093.84;-2166.61;-1931.65;1350.33;-77.85;-3479.2;3907.93;-791.99;-711.12;-1632.81;-770.84;3616.92;251.11;499.27;-2408.94;-268.62;1041.76;1040.98;4075.61;4862.31;-643.62;3190.68;-3847.04;-2141.6;1688.56;-1183.14;1923.93;-2381.92;-2036.4;-1113.91;-2972.9;308.7;2236.47;-410.47;987.74;-1383.19;-1682.14;-813.48;-5528.83;-229.57;-537.07;5587.66;-3128.71;-1970.79;-2181.88;-768.61;-67.13;-818.48;2063.85;1231.13;2630.78;1825.71;-699.72;-1416.76;1539.89;1879.06;-283.86;-554.69;453.3;-739.18;-1160.78;-72.81;363.67;-346.84;383.05;261.28;733.34;-1355.34;-1427.22;-290.75;4098.48;-719.05;1158.12;-824.48;3739.13;2365.85;-96.18;-2058.32;-5234.07;709.2;-1428.65;-7884.69;-72.07;2655.26;-1202.35;172.38;-755.49;-4874.61;1417.65;-995.73;-4959.9;-124.36;-1216.13;216.92;-77.54;-395.67;-2245.1;-4439.22;-6342.07;-688.5;-5028.27;-61.91;-2649.35;7288.4;-1271.1;323.94;-2833.45;1073.39;3786.2;-1404.85;4152.14;3096.74;933.21;1167.71;-1710.96;2268.62;-741.96;2847.65;-1018.98;2751.16;-5424.67;-131.84;-1701.24;3200.72;-745.51;878.31;3590.83;436.13;-710.63;-587.9;-552.09;-748.67;258.16;2675.38;-414.85;-1561.01;1420.42;615.29;-2328.51;2280.66;386.18;-2116.46;2114.27;-279.67;169.52;1356.42;-859.3;5951.74;1149.2;324.79;167.31;3496.54;-265.44;283.17;1282.09;75.5;-1257.39;547.72;1461.46;1160.38;2829.79;-1968.87;2238.69;-2444.21;-1554.77;-0.02;-320.53;-220.37;-499.94;-103.26;3520.78;-942.62;-269.4;366.13;1945.74;-288.34;343.73;1641.68;1610.57;-4817.87;-4061.67;3071.22;885.84;-160.93;1572.54;3955.62;1635.7;-5415.51;-92.64;-392.42;1572.86;-667.21;-192.76;644.03;-1447.44;-3381.94;451.17;5160.66;-22.44;4204.96;-2836.6;3039.52;-1166.11;348.59;1808.16;-479.5;-1020.66;-3419.05;4815.39;1548.04;-43.07;-982.87;2304.47;3972.65;696.88;1254.65;1459.82;585.61;-3000.27;467.83;3529.69;-336.28;-195.05;-705.23;-1299.71;-956.03;-1283.85;2780.4;-2885.19;1847.79;-2136.48;451.34;-138.19;725.16;804.36;-885.88;-478.52;553.63;-3209.88;860.33;-1160.91;232.83;-1698.75;-261.78;-22.14;-32.53;-914.69;-2071.01;-2081.41;-4625.64;-548.46;-360.83;961.06;-1345.77;-4959.68;-772.31;-783.09;683.88;-3429.3;1377.99;2199.13;-4691.89;1269.82;-3698.2;-1645.54;1927.53;969.95;-3650.16;1191.43;194.71;433.92;-906.53;436.41;6008.17;1276.74;3351.18;-5568.07;-4194.2;-19.65;-202.55;-1604.3;-138.21;1750.12;3461.31;-895.1;-452.82;2523.75;1291.48;4726.76;1491.99;-1321.19;-145.5;-3739.57;273.97;-244.81;1922.81;857.87;-2990.08;-641.35;-2017.81;725.07;-2263.72;3766.74;-831.01;1380.34;-2528.09;3664.05;-1081.26;-1878.58;-2376.33;-280.17;560.74;922.37;-451.04;-3805.54;-1166.68;-491.35;354.33;-584.91;-1353.41;164.7;1839.19;-2178.75;-842.64;-600.72;-1540.44;974.16;5514.21;-3604.25;28.68;-2006.0;-323.34;682.05;4680.89;4360.36;-375.65;1399.53;2750.17;-462.22;1514.59;378.51;-711.47;491.29;-1770.34;2441.28;-1192.48;-906.34;808.29;523.29;-2687.97;594.48;4956.35;-307.37;-273.26;562.69;-846.61;-1411.7;-2102.41;-282.09;-2787.27;2768.8,372,-811.67
trade28,-582.27;-301.18;-613.66;979.82;6758.66;833.76;-349.84;3013.49;-453.92;-2393.83;-1141.15;528.44;2493.14;-133.53;-1171.88;393.3;-232.28;-624.48;1628.04;-1093.66;-5790.68;1623.8;-834.97;3191.84;-4448.6;1660.23;-2650.51;-2500.4;1116.97;-990.41;433.34;-3804.56;1190.53;-2732.65;309.34;-1182.16;-258.74;-5446.73;611.5;3366.99;412.53;-631.45;-895.02;491.63;889.78;-195.63;1080.16;-3693.76;2587.59;-5305.45;-2515.94;6927.44;3767.61;582.05;2566.23;490.51;563.64;-636.92;-254.17;409.42;1776.66;-243.79;4949.46;-564.39;1119.33;532.47;-3487.85;-1831.42;53.28;-543.19;935.95;1380.11;412.52;4439.47;22.15;-260.84;-3541.65;-557.37;-954.78;-909.6;-1951.29;-1189.95;1733.72;-2465.5;565.22;-1287.41;-5209.5;135.21;-2590.61;-630.04;637.21;-429.42;-724.46;-1685.91;736.01;-1337.85;-831.79;1931.18;-454.32;-374.2;-2580.71;-971.27;-1897.54;-2189.65;-2816.08;1158.1;3353.16;-3761.62;54.22;-456.56;-3070.49;-833.64;-4948.12;-17.43;916.29;1134.22;4688.32;4.51;-121.93;1299.35;172.08;-510.89;-2303.58;181.49;62.19;6462.87;-184.22;-444.54;-1299.98;2901.51;48.59;1924.14;1461.53;-1690.37;-269.64;715.02;1862.65;-675.57;-1465.97;-3282.61;1594.24;1353.13;-2552.74;-1461.99;-166.5;21.46;-241.21;-913.24;-1440.26;-1387.37;-320.12;-506.75;-5033.65;-2779.9;-1770.21;1701.73;-2633.5;-73.05;3909.14;-226.48;-3568.88;6610.96;156.13;-526.14;510.3;330.59;746.08;-897.23;-936.27;-1510.74;-451.64;-893.08;-62.99;3474.54;-715.3;164.63;570.51;1129.97;-234.84;3652.3;926.3;-1187.38;-65.81;315.22;1253.59;1172.68;1685.36;343.72;-1096.86;159.87;-353.05;-471.07;-2274.67;406.34;-1360.94;2841.99;1281.68;2017.07;630.88;-383.91;1283.11;-114.86;1419.16;-898.67;78.33;1200.02;3551.29;-636.91;472.11;-567.48;684.66;1067.45;3548.3;436.35;-1200.23;1168.26;-914.19;-1289.79;-1080.33;123.95;217.25;893.8;-1595.6;-2909.84;-1516.73;-1147.4;531.89;1361.14;-3935.54;-71.28;-2926.57;-2577.89;-653.99;-1284.82;-1874.39;-1839.76;-2675.87;-1279.32;-3697.57;5623.62;1187.54;-2215.93;1777.65;-2687.45;-142.26;-360.76;-686.85;1057.27;-2067.28;815.92;-2897.27;-321.89;1008.66;-1064.28;2472.33;-1803.11;-4157.8;-1092.89;1364.78;1599.66;-601.19;-1833.02;1632.94;1139.25;3237.08;4085.58;2407.79;2892.24;1549.45;-2057.55;506.75;-534.55;-919.98;-263.46;-491.3;-377.3;-2847.44;-694.75;-373.77;1494.56;-1646.6;1102.08;98.94;825.02;-1937.69;-3794.68;-419.31;-20.54;-358.48;3301.48;-2622.26;492.63;-275.28;2254.6;2444.63;-296.82;561.25;-3364.97;1072.45;-407.26;1476.81;531.84;2061.6;-73.48;-981.5;2240.19;771.5;-2458.27;-1053.39;-1990.35;-1041.27;-628.22;-353.59;345.97;1713.51;2852.47;-738.68;-2042.75;-42.75;795.84;1340.95;3911.78;-2678.6;-3620.03;2699.86;85.8;-313.07;-1669.66;-6315.33;83.82;-1200.32;-921.13;-1669.06;286.24;-1057.16;3490.59;1813.04;225.58;-1972.14;-2411.48;-3830.74;488.72;-738.47;-6842.27;-132.18;1430.45;134.92;-510.5;-1486.38;-92.13;812.78;2323.29;-1107.74;-4912.77;26.03;-538.98;1051.97;237.28;-187.77;-328.52;1479.3;-45.61;-434.8;45.81;533.67;-762.27;-1255.36;933.89;-930.22;142.71;4849.38;-1586.27,372,-582.27
trade29,-1213.54;-1504.18;566.55;1147.35;109.17;-3073.51;-1382.59;-229.57;1401.62;2429.44;2000.86;4535.65;-1019.84;-629.03;-185.02;64.78;250.32;1350.27;3013.73;572.26;1289.66;1805.88;1260.36;-150.9;1499.42;-545.75;-3333.95;-346.28;299.56;-3618.15;965.84;-1470.55;367.85;-788.4;-559.05;-293.46;-3029.75;-718.03;1927.97;-491.75;529.17;-386.56;-579.42;2480.11;-2865.68;948.23;388.2;1291.68;846.24;2516.26;-3585.61;-477.79;2688.76;-1879.44;-23.81;-2018.99;-199.54;2132.83;458.6;-640.92;-787.7;-282.21;-3889.27;-52.64;908.94;4303.97;5446.92;-275.61;2212.35;-3376.98;4617.65;-628.28;-1203.61;461.03;-2505.14;1766.76;-528.8;-4910.83;-3594.38;766.94;2299.56;191.87;-536.69;821.35;2814.9;41.04;2519.27;-1578.19;-2985.38;367.28;-2483.25;103.17;797.0;1611.7;-1428.57;-727.42;-2583.52;-2525.6;442.64;1993.43;-922.74;-3333.45;-3146.61;1608.08;-13.84;864.18;-1391.28;415.41;1317.56;1954.04;-1871.64;2283.15;1467.96;-668.78;72.61;-698.6;-475.23;1791.73;82.24;-22.55;-3321.49;444.0;-1081.67;-1949.72;-1029.82;-191.06;-2353.38;236.33;1014.4;962.97;-2370.15;722.07;-593.51;-1868.06;1754.66;97.41;1908.63;-780.99;-1614.29;1582.24;-1742.88;-1345.17;4287.81;814.92;-3266.81;264.93;-4505.94;-914.73;-654.24;877.42;-154.74;2112.49;623.26;187.1;-1632.21;5362.94;4850.43;-1727.07;-3667.25;-2421.14;-6862.98;-2455.56;-1015.69;2808.24;-2246.89;-3049.13;1188.71;2924.13;-1815.75;4378.53;-747.72;-580.99;1998.38;-180.25;1490.27;23.7;-3180.59;520.34;247.38;212.1;1762.73;989.91;2332.76;-661.67;-2984.91;-1422.54;-6944.38;2122.48;-3327.34;710.86;-443.23;25.01;1049.54;-1504.49;253.14;-1836.74;-20.21;13.21;4905.21;-1744.09;-453.13;-1739.88;-684.98;100.27;-2055.17;-508.24;-2024.54;-600.55;2355.71;-420.45;756.5;-782.84;1843.75;-1278.01;401.61;-1031.44;-238.13;-2450.17;-2764.28;546.15;1453.44;2230.64;3648.71;-730.06;-1070.04;-371.82;2577.7;1249.6;-402.84;-607.97;5718.61;-4112.1;2894.68;831.22;-1126.57;-526.76;-982.78;-1716.66;-187.12;793.72;445.62;-4487.26;-1645.36;-343.47;-21.89;-1725.41;384.11;3891.74;136.27;454.24;-631.86;482.42;-633.72;-4669.01;1128.99;-2697.76;-1271.39;-324.59;1853.73;-2062.33;3650.18;402.44;-127.46;-1625.62;154.51;-272.49;1864.67;-5667.52;-2793.34;960.56;447.65;1987.86;643.65;565.07;132.51;-350.78;-425.87;7177.61;-351.52;-541.18;-142.11;728.61;-4355.04;-274.65;2625.78;-131.81;47.6;450.68;-1174.32;-1062.9;146.71;-512.21;321.94;-492.71;-648.18;254.38;1417.52;-1833.57;-1146.63;-1066.93;78.89;2909.78;-1709.64;2488.61;-1598.42;162.97;-49.16;60.47;1402.63;2021.92;-1660.34;-186.67;1486.0;-1084.42;1616.41;1144.58;-1902.96;-1099.78;1294.9;-2158.89;252.15;-496.99;512.14;262.04;857.16;-2034.33;1382.42;5056.23;947.45;1077.9;-1062.59;3318.28;-215.7;624.08;-2017.36;-535.89;-1460.52;-2323.01;-933.85;-232.0;564.18;-1054.83;-2956.52;-964.92;1248.69;-1236.68;1309.82;-854.49;926.5;291.87;-230.32;4074.28;1092.09;-1556.75;-274.72;-1632.18;-1391.51;664.38;-681.08;-1270.16;1033.37;4378.99;16.98;-3008.25;1128.63;-1445.59;-6077.56;254.91;-3148.52;-2664.06;-415.57;-2903.72,372,-1213.54
trade30,-48.43;-1079.14;-2886.39;-25.41;172.54;-2147.04;3257.28;522.54;-1814.83;3374.71;925.44;1065.39;-559.06;-832.38;-1894.6;-278.19;463.1;-7.88;316.23;2675.48;-1591.67;8028.0;-786.9;-4328.12;-937.27;-862.95;1663.52;289.05;-3643.58;-2457.17;-382.5;-380.78;-1152.2;3158.62;217.67;76.08;-2024.7;693.83;-3795.97;-2100.22;-727.25;3157.34;-3911.59;6366.88;-12.11;6779.52;-1047.78;-840.29;708.89;-1307.46;-612.38;-2030.69;2414.78;1557.2;2357.31;-1099.9;750.32;1145.44;-521.51;526.37;-381.3;643.89;1905.72;-1761.23;-160.06;2056.74;2434.19;90.22;-811.55;-765.97;-4069.9;-26.09;-2616.91;3631.53;-2864.32;282.12;-3012.13;-446.64;4312.92;-1814.01;1098.13;3246.0;-645.67;-3954.72;436.24;-1915.66;337.92;2277.94;-2002.74;-1243.67;-1514.72;-223.25;-6.88;2164.67;-921.35;-3004.39;787.99;-1071.5;-2374.04;-121.09;1105.19;333.54;-475.46;-3016.88;-3612.91;-1868.93;1156.22;98.29;399.64;-4063.38;-602.56;-57.11;1448.49;-1111.21;-1728.73;1723.95;1956.42;-299.17;-3971.11;-1534.17;1218.6;1173.19;393.67;-202.66;-450.39;715.36;-3517.58;151.67;1286.31;-530.8;667.4;-2604.89;-365.53;1906.45;-4031.39;-164.09;-2676.8;1917.88;-2273.75;5755.4;178.74;-2831.02;1708.18;-294.06;422.45;649.4;-961.83;1041.66;605.28;5720.06;1137.2;2739.07;1899.51;-1617.6;874.5;-120.29;-12.71;-965.23;407.46;-719.26;1902.56;-76.61;524.93;717.18;4682.39;-3094.63;1549.76;-372.79;976.75;1327.3;6537.52;-988.22;-2611.3;2084.15;1051.21;2770.41;-4930.02;60.03;591.82;226.9;-1139.59;6538.37;1515.44;-2397.94;-1491.7;1410.64;2478.23;-1204.54;-489.51;-413.85;399.9;-877.06;-392.47;-2516.65;-351.75;2157.87;-706.18;-2938.19;-1368.06;-284.09;-3271.58;-490.71;-259.59;7679.86;2575.46;-1823.71;136.86;-876.69;-1226.5;-1389.86;-2369.54;974.26;3703.19;910.53;-2854.53;-3993.26;981.54;-775.29;785.04;-4831.18;-1605.51;-1602.38;-3202.67;-2723.18;1853.61;-697.28;-1057.31;1619.09;-2307.75;2274.17;93.11;-3781.84;-142.13;399.8;-2896.53;963.0;4154.46;-520.51;2442.51;2666.68;3760.43;3361.52;-917.04;468.66;371.89;512.88;-1207.6;-134.09;2716.81;156.91;865.28;384.35;4821.7;3667.04;323.76;-981.76;1419.61;-905.48;-171.85;387.94;-2754.25;-794.0;-2098.72;-1355.46;3734.03;1271.95;4329.98;-5300.89;-3887.45;-555.08;-670.68;3001.93;1820.41;1464.6;1204.25;-362.78;-3485.78;-2992.32;1770.23;-1201.75;1793.94;445.0;-1215.71;-956.36;-1844.68;1126.56;114.91;2213.8;352.61;-299.96;1008.08;-2001.58;-2526.54;51.1;1098.4;-3405.52;159.54;-123.99;-61.2;2503.74;6001.49;-1509.32;79.68;-769.53;-5276.42;512.24;1784.98;-807.07;-477.34;877.18;686.55;-1885.12;-416.48;827.39;-1109.99;-2045.6;-2490.18;342.39;-3013.31;3226.46;-278.79;-1635.19;-343.17;1176.08;-2401.92;-61.37;2409.5;1556.05;-4769.95;336.74;-530.52;1061.03;-3131.56;-429.21;1024.27;-758.91;-802.11;-2154.62;-1057.98;-502.54;611.28;350.74;-4003.16;3890.49;252.88;3005.14;4313.99;1005.57;-832.23;2016.62;3435.29;813.26;1689.19;-694.45;-1897.62;-1196.74;3198.72;-993.75;-93.64;-947.84;1169.46;-1038.5;-2788.21;-27.15;854.27;-3843.07;-2017.08;1937.14;-799.37;2245.28;336.83;881.89,372,-48.43
trade31,-989.92;1967.76;-3239.14;3006.7;97.25;2316.65;6.66;-1750.48;1612.21;291.55;6833.29;1982.64;1342.6;-5992.83;1270.92;431.18;2310.46;-1136.91;-2120.46;1119.91;-1745.31;317.13;-1965.08;1440.66;-755.81;-921.15;-292.71;-947.91;2092.4;-1167.59;3080.29;650.74;1891.39;1285.78;70.14;-143.43;-1239.76;-3443.59;-2766.04;-3393.71;1602.32;-823.43;586.12;892.05;1641.23;2237.56;-248.85;1126.52;258.97;-697.26;1905.9;-1170.89;1396.01;587.29;395.15;-1367.62;-294.79;2116.8;-586.23;-1543.87;993.43;-1395.12;-318.49;891.62;-1014.64;-732.46;-1330.45;1783.09;1373.01;-4251.95;-94.79;-458.5;-1355.1;396.79;-1341.1;-312.55;2376.64;-113.32;406.34;-1458.99;1419.16;1583.38;-1011.96;3987.0;2438.24;1562.01;1765.87;-489.32;-368.67;-839.29;-1188.85;151.79;-2456.06;4286.78;748.57;-2523.91;687.44;664.98;-810.74;223.2;-2617.37;2332.23;-1030.52;-257.8;-522.63;-2990.1;-781.32;-1237.32;-3067.76;-1469.5;1105.74;633.94;5465.78;3222.86;3235.95;-3826.16;-3360.92;-1116.74;2129.74;247.08;1678.57;1310.88;4230.87;249.14;-153.24;-910.86;741.2;3319.8;-2914.77;4810.51;-691.15;-730.08;-1282.67;-1065.62;-1613.38;522.4;824.26;354.37;194.02;4799.22;-1424.27;173.18;1756.67;-3914.12;791.68;253.52;-364.17;-618.65;4689.93;-891.25;-1312.39;-392.51;-497.9;509.59;896.27;-303.47;1722.41;324.8;-1472.93;-787.89;2061.26;-56.2;283.38;367.79;494.81;1612.61;753.08;386.12;432.04;1005.86;-799.01;-52.3;959.82;-4350.13;-795.41;1162.68;3213.44;2829.54;-744.69;-701.19;1402.69;-1065.76;-1102.82;6039.33;3926.83;-2900.8;947.92;989.38;-1.59;-2423.09;-1612.79;-29.06;969.44;2300.84;-385.4;396.95;-310.08;-569.61;783.49;4079.21;-1453.0;1681.8;2785.02;437.61;2496.26;1673.08;-1784.79;-181.91;1456.68;-1398.72;2169.24;-6132.41;550.53;767.49;-236.86;-1584.78;78.34;548.52;-1555.89;-10.76;-665.29;-1164.41;523.76;-2983.84;-1811.05;2305.75;-1176.43;-644.65;926.86;2277.94;2331.96;-729.38;3038.76;-864.31;-3507.75;2562.34;1024.75;230.62;-2126.48;1909.6;2099.89;-374.36;1134.52;1357.97;-1926.94;2471.92;595.73;-2229.58;2633.69;2016.05;1033.35;-163.62;620.77;610.52;1378.11;2732.11;69.04;75.99;744.01;2290.23;-1910.08;1032.04;-345.48;-821.2;-1554.74;-2450.45;1446.02;460.79;2073.95;5352.97;-269.66;417.3;893.12;-353.68;361.63;-874.39;1743.56;-1386.75;526.19;1306.92;-2645.05;3222.98;2273.59;1765.38;512.73;-346.07;-609.84;438.7;-2399.05;-2623.0;1423.03;224.28;-4704.78;-817.62;-1214.13;1403.85;-1179.42;-2461.72;-425.34;276.15;3226.01;-4374.72;-766.16;-1362.19;-871.49;759.27;344.19;-3609.3;-930.56;-509.25;4380.34;-708.99;-5037.53;-172.94;-1356.8;-500.53;-572.47;-740.01;731.01;-916.82;111.0;-409.91;-1957.64;3130.49;975.56;-2122.99;1302.47;1427.11;-2591.95;2032.36;-127.9;-154.31;-1337.62;-741.21;-328.59;3639.73;215.73;-777.23;2872.69;1860.97;4008.94;421.28;-160.67;-2517.26;-1399.94;-993.22;2470.05;-188.21;-2997.17;1204.3;1348.0;-317.27;2874.4;594.67;-306.71;-2616.39;429.69;6717.84;847.45;-5056.9;478.04;-885.49;54.08;-22.94;-2147.65;-1642.81;587.47;921.19;1824.51;98.73;-372.13;471.04,372,-989.92
trade32,1242.33;-741.64;-901.6;-1322.13;1987.22;250.74;2941.88;-1180.21;-701.12;217.44;-421.31;647.09;205.34;1130.6;-2617.47;2082.74;-594.68;3380.54;-3939.11;35.98;229.31;-3408.49;-235.99;1867.55;2482.95;1200.62;-392.72;3261.89;-1814.75;1262.86;1582.02;-1547.45;-1820.07;-57.37;-1381.74;-703.13;-6385.72;813.33;5057.56;744.06;2178.16;-2084.32;-1177.86;-94.13;-1891.76;1087.34;466.34;334.82;1107.12;2627.62;1345.68;-928.66;-569.5;128.75;4546.29;2332.9;1994.14;152.39;614.86;3699.34;-440.41;-1276.75;-330.19;133.0;373.2;-434.8;-1019.58;818.19;-2798.08;2537.73;-162.19;3168.73;1477.87;2069.62;1456.76;1259.99;844.44;185.48;303.75;-142.49;667.43;-1540.54;4149.56;-289.96;1962.04;1624.18;-51.84;1127.31;178.56;559.78;825.73;-763.33;1124.74;-3770.66;-426.57;-2251.07;10.0;3525.53;-3703.9;-679.42;-3442.84;-278.41;2674.64;1492.96;548.4;791.44;151.61;-2034.46;-1548.88;458.43;1274.69;-487.24;-4024.35;4042.84;2915.34;1931.38;-666.86;1857.64;-751.11;574.09;549.86;85.35;4.68;-679.07;583.94;-3917.36;2519.26;2581.36;1586.24;-602.14;893.48;-557.93;-894.97;-5268.28;-738.89;-281.75;-658.43;900.63;563.48;505.36;-6509.36;577.48;6306.67;415.1;1762.64;440.39;-1007.32;1049.06;1081.43;1241.51;-163.13;2183.26;-3257.51;1061.22;-2190.89;1876.44;-1245.52;-532.48;1717.87;759.26;-989.84;820.54;-1441.71;449.92;2638.32;756.06;428.82;561.34;226.85;4168.72;1318.76;-1905.53;-780.35;1535.92;-4530.21;-1987.88;3245.39;-3833.7;689.16;-1156.36;1360.68;-1516.89;145.93;-772.5;2025.12;-984.99;1802.58;2090.16;3539.58;1286.47;1572.36;1089.89;572.65;-4963.83;-1301.19;3542.81;-1921.56;2726.89;-793.6;370.32;-508.01;1233.56;1414.71;4021.67;-1515.17;280.73;-435.27;2835.53;1451.91;-2289.58;-2188.62;-1232.46;-2983.43;-6161.06;-1603.63;1143.0;-1120.52;2118.94;619.56;-324.14;-4237.74;-1929.25;-1760.51;-4182.21;-1111.19;-10.93;-160.67;363.06;-470.05;6057.66;283.51;8.84;-184.13;1683.5;1787.31;-1613.98;-221.54;-2024.23;-3529.69;-612.36;87.75;-1700.27;1550.5;711.86;-4495.53;356.88;-910.96;-6860.79;-318.84;-1694.05;-479.46;1370.97;4230.6;-1194.48;1381.33;553.23;549.92;-1243.37;1676.08;-3670.36;-1335.53;347.16;-1175.91;-381.99;-6173.81;-2728.22;180.7;1130.6;1587.98;-4194.83;-2941.64;596.43;701.19;2307.81;-2.76;730.83;-2734.3;-2003.25;55.7;-853.34;-201.69;-1753.94;-550.09;3731.25;127.64;3613.77;-866.21;1392.62;-38.1;-964.92;2395.11;-233.65;1710.54;3167.0;20.5;-691.7;636.61;4193.14;-1121.01;-937.35;-4456.4;-1205.77;1039.11;542.05;-482.61;-3073.52;-5007.71;1542.38;-1158.08;-373.98;-1564.8;578.73;-2160.63;938.48;34.33;35.54;3564.07;-3003.69;1655.32;5170.75;-6545.16;1601.44;-293.67;-2273.19;-6405.04;1107.0;-973.96;-284.58;-2158.89;942.41;-1003.57;-712.11;-843.67;1094.95;637.77;-317.97;-304.09;-230.13;449.26;55.53;-1856.2;436.94;-1053.14;8.27;163.59;-728.51;-25.08;3904.19;1544.09;-27.25;-1119.13;1025.54;-1702.73;-1456.4;4763.94;1139.18;3852.87;1397.16;3965.38;-1161.31;895.04;778.92;1513.48;-904.37;1062.44;-1234.59;-30.97;-45.1;-2387.93;202.95;1094.64;-1018.07,372,1242.33
trade33,1764.38;122.01;2257.41;1346.26;-431.17;-3221.49;-1680.1;-1183.14;414.04;129.82;900.35;-946.67;-4543.05;169.79;-421.3;-335.35;-2571.22;-895.88;1687.73;3494.87;-2146.52;-3479.03;-3914.6;-1241.15;850.0;3935.32;72.02;-1972.57;452.78;-316.65;147.03;-419.27;397.86;-763.13;910.83;-1601.36;1634.59;-3649.51;-322.6;900.91;-112.22;-378.55;-3346.68;-475.82;-2284.93;-341.98;-2746.93;1835.2;5126.15;1000.16;300.57;1591.8;-1121.62;-1483.28;134.28;-1800.11;-4198.47;-1357.02;1751.1;353.7;2110.4;-131.55;1062.95;-2145.84;95.82;779.16;-1286.07;3926.01;3638.55;-31.88;-1498.62;80.57;-268.34;-556.74;2894.15;-477.46;1095.48;-579.17;-3795.26;-1082.21;1884.23;-633.04;-832.85;4099.83;1121.62;1048.05;1394.78;1135.63;388.8;239.33;562.28;569.81;-1150.55;3729.61;-4453.52;-131.78;-824.22;-1517.29;54.22;1024.46;-4434.02;-737.67;-331.35;420.79;1392.44;2957.66;-170.55;518.16;-6699.15;1042.97;862.45;-2217.49;70.17;1588.15;-1962.02;-988.9;-51.31;-4546.13;121.76;-453.97;-560.51;-495.59;303.82;1344.72;-2004.82;-1563.97;-299.2;2102.69;-181.15;-539.98;3099.62;-3150.08;1135.5;157.46;-710.99;-1231.6;3252.77;2497.25;180.32;-1559.24;-812.32;-619.16;832.82;-2521.17;233.22;-1249.17;-211.52;-4798.02;505.12;704.85;-616.87;2930.44;-3048.15;-793.3;-334.24;-848.78;-1.48;643.71;69.95;-4940.04;1130.99;-660.58;-2426.01;-976.24;731.89;1217.49;1536.15;-3924.11;-802.54;4554.69;2576.82;495.12;-1653.83;829.31;-948.98;1733.84;-135.54;3269.5;1398.53;-505.86;724.02;1455.02;-270.79;-252.61;-2425.66;-119.02;-2399.28;-1436.32;1442.94;1732.67;-4677.99;1594.72;1121.7;-550.59;273.98;88.16;-2653.24;-1972.17;966.81;2099.06;1248.8;9.54;-1279.33;-2238.14;2584.29;-3234.57;-1236.68;537.44;683.99;582.9;3000.36;2210.95;-2893.39;1070.36;2092.1;-1481.09;-3311.97;-349.63;-5292.3;-193.22;-143.36;1169.72;-562.17;-75.33;-2958.34;-969.57;180.26;2111.55;-3575.33;-1204.9;-48.54;-240.82;-214.96;228.31;-204.08;-4146.91;4416.48;1727.69;-868.44;458.5;-947.6;-4858.12;1829.32;-177.08;193.58;-2085.55;-552.95;-791.46;944.65;-3311.72;211.04;23.19;1201.73;1624.54;2910.78;63.23;-1055.24;-1834.88;66.22;1520.67;-2018.1;973.91;-183.37;1413.02;504.67;-884.92;-1204.96;-674.96;3883.38;487.56;-759.28;-1337.94;834.71;-3029.23;13.41;3664.18;4.45;241.28;1665.88;716.28;-231.74;-30.24;1628.4;669.58;354.07;-230.27;679.88;2313.5;315.88;-151.37;-1416.79;-2053.11;3466.06;1697.7;-3246.38;1432.34;994.97;1461.08;1100.22;825.23;-1907.7;1405.09;6997.07;121.3;592.2;87.84;270.8;427.24;113.66;333.9;-42.97;976.99;-168.7;163.92;68.86;-1507.75;-1252.99;-887.88;2516.91;370.58;301.49;572.13;-521.11;-1577.2;2745.63;1667.68;-6459.44;1036.16;2331.18;-1487.82;354.85;-798.8;24.96;-1445.05;-2037.71;-3357.27;-413.03;-1993.43;579.57;-2249.91;-1210.31;205.01;765.47;1757.62;964.31;-1384.39;-1641.42;601.89;-1591.4;-1963.82;-65.74;2251.79;-329.33;-203.21;-1111.37;1032.89;1068.18;-5613.18;554.45;1189.53;-46.22;1240.96;2061.62;3939.55;-1446.99;5157.71;-716.03;-4250.72;-452.63;2500.6;-2299.46;-1404.72,372,1764.38
trade34,1847.54;-1005.69;764.3;46.02;-374.03;5693.61;1944.55;-145.05;459.34;189.54;-1801.63;3543.48;971.83;-1142.38;-1566.23;822.66;-2677.96;3825.45;1776.05;190.53;5571.65;1410.22;-4045.97;-591.04;4.71;-817.09;-4901.84;512.85;-438.68;76.8;-423.02;7374.71;444.89;456.19;-1673.11;-1170.87;-332.56;-1866.65;4552.94;1160.83;-2305.12;-1225.52;-180.62;1400.49;786.9;-216.51;761.22;219.92;-5109.75;2201.08;443.66;2343.74;2410.47;1023.4;289.59;-1360.44;-1999.32;186.91;-1984.91;-482.83;1259.22;-2044.98;-1762.2;-779.38;1005.95;930.41;1590.01;1093.6;4102.61;-3923.53;-2339.27;-1062.1;251.72;-3492.35;-1802.64;963.85;-2755.0;-2459.21;-1121.12;-230.65;160.89;703.79;-1521.02;1188.99;1087.75;-5186.37;-2523.41;1874.15;1552.32;746.37;4532.96;837.25;-600.15;2509.29;-1607.03;4623.72;-176.41;-572.43;276.91;4574.79;-41.29;3461.73;-1906.09;-1038.95;2038.54;960.04;1550.39;367.3;2105.37;3046.07;1102.29;-458.95;-316.04;1246.31;-2909.01;-6326.67;-714.67;-1361.55;-4275.42;-782.94;-1128.79;-916.68;-3319.71;652.27;-2896.89;135.14;-3838.85;-556.1;1474.82;1672.1;242.38;-1649.31;-2495.35;93.01;-122.83;1988.19;1155.98;4304.05;2221.38;416.52;-97.63;-515.1;-2471.96;271.15;-395.32;497.3;311.1;940.63;1428.8;-34.19;1212.94;4136.23;2167.6;-2846.61;-169.36;-2726.8;-3223.48;-644.62;984.32;-1304.4;-692.31;-7369.77;1343.34;-668.95;-423.2;1238.32;5251.74;911.85;-998.68;2069.74;30.09;465.33;-529.01;-1244.95;-981.04;1134.78;85.82;2173.04;2513.39;-2168.09;-3597.59;-252.74;1967.3;1136.01;549.18;-205.65;2361.22;1572.91;-4033.95;2210.62;801.84;-2299.94;3449.33;-70.53;954.26;-1901.22;2743.7;630.19;-3165.97;1236.54;5010.72;2768.29;-2093.55;1144.91;23.27;-3132.17;3835.85;-2642.52;-3836.65;-79.82;-1293.29;1424.71;-2695.17;-269.11;-908.52;-811.79;-2316.17;395.18;-2003.75;4068.23;1728.16;17.91;-157.47;-545.95;-2373.5;-3130.0;1481.25;2149.12;1833.44;-1164.77;-1090.31;1671.72;-222.29;-981.54;901.57;1592.52;812.31;-1591.79;-1287.02;1092.3;856.87;1104.26;1612.24;13.82;957.56;-1920.34;3614.45;-237.41;836.13;-914.67;-1345.41;599.91;-1698.69;2102.8;608.55;1752.0;133.62;2551.37;-16.86;-2520.39;96.28;-1928.5;2121.16;1076.8;-3743.76;2077.99;134.25;550.85;-3354.76;-10.0;-311.15;1079.29;-72.98;-978.43;1697.37;-635.81;-3806.59;2249.22;207.67;-1501.0;1191.37;2760.04;4848.9;652.31;2575.06;-305.83;-878.15;-2465.06;-218.75;241.24;-986.7;-2937.12;-1902.78;4028.65;1391.82;791.91;-113.95;-1352.67;-761.44;1741.98;1485.83;864.34;127.51;1741.69;-400.31;42.98;2978.34;2494.66;682.26;102.48;1538.08;-2013.3;858.75;-2212.5;-3502.79;810.01;2259.37;-893.59;-918.35;3082.08;-842.35;1332.98;-201.31;-2031.78;8879.4;-129.65;-2220.87;-1245.43;-2517.11;-2145.82;3343.71;2164.1;-1144.14;-2673.34;-1821.98;-1142.47;-2049.9;3124.68;1930.46;657.76;-1768.62;87.46;-3061.74;392.76;2051.85;-585.42;-1415.15;1254.25;-4190.37;288.74;4996.89;3142.92;849.57;-422.36;-633.58;-898.66;-156.92;345.04;-2608.27;-277.34;2870.72;-256.45;-85.95;3193.08;-166.15;-444.12;-625.07;-294.38;-4887.53;2200.8;476.59;1928.23,372,1847.54
trade35,624.68;770.85;2329.92;-1362.66;1909.03;-1524.36;-4914.7;-1891.98;-410.97;701.19;2482.49;-1244.53;-316.77;-1031.19;-1068.92;1206.41;722.64;9.55;-1051.33;1081.38;2453.0;4927.06;2943.29;-867.54;348.63;6607.91;1664.59;2.7;579.18;1703.46;-2.72;-75.19;-3878.51;597.41;-854.72;4152.45;8094.57;458.75;1060.15;-1369.03;6007.65;7235.15;-133.5;-916.84;-1590.71;150.86;-2319.55;-46.75;2857.66;-2951.11;-2208.68;1935.26;1733.71;-2948.21;916.49;2341.11;3286.8;341.73;549.21;189.54;3218.04;690.57;664.32;475.04;681.95;-1478.17;-1548.3;528.79;-4639.0;236.27;815.33;-3595.97;-463.4;-555.98;-421.21;-1551.77;279.21;942.69;-1083.49;334.19;383.42;3315.6;485.25;5139.11;-1335.21;-3712.2;-1613.92;1275.19;94.16;5779.88;-3071.74;-853.58;369.72;-4092.6;-866.19;1259.23;-2061.43;-1936.38;808.56;-1955.66;-320.83;1108.92;-205.9;1546.71;-848.27;489.83;-2934.31;29.81;-1661.74;-3786.2;4044.23;-950.41;-1215.96;3120.26;197.4;827.7;1114.45;239.89;-183.74;-3490.96;-1.37;139.56;-382.42;-209.94;-1741.52;-3505.89;-1040.49;-5032.08;-3519.85;-2092.68;-1243.68;1087.11;-1456.0;-2211.68;66.93;-849.92;913.66;-1025.34;-520.27;2593.53;2238.65;-347.48;-4000.16;1458.99;750.48;-1751.71;2085.25;-238.45;-2660.88;-2639.51;234.83;-1396.52;-1829.16;4271.1;1919.76;565.87;2174.64;4754.68;2033.61;-89.31;179.83;-767.6;-2.99;258.41;-2251.88;-137.01;-2832.12;1101.18;741.72;-969.88;-813.17;2809.0;-1336.05;2464.52;359.87;-326.91;2490.3;1341.34;2679.15;665.37;1289.12;-2939.11;2317.79;1170.71;-2017.95;911.65;1557.8;971.59;3965.18;3361.33;2119.4;3550.59;-1038.59;124.51;-1050.82;3183.03;33.32;-369.62;224.43;-5045.8;476.54;-759.5;-861.12;-1200.91;-1218.44;-2398.94;-2689.09;3581.56;-1401.72;119.86;4304.83;-1466.9;-1295.43;978.84;-405.58;-1794.91;-584.15;411.22;-276.11;896.25;-1174.16;2697.61;-492.08;2105.34;1621.37;1758.85;1060.62;1545.92;-2400.8;-2174.27;-908.72;-5375.98;5261.82;2547.03;-3125.93;1296.41;-1867.21;-1173.76;-2766.61;-119.9;1301.06;-73.24;-715.43;258.21;3813.35;966.61;-693.66;3224.36;822.11;-654.85;3535.78;381.63;-93.8;-819.75;-505.22;-747.49;450.22;2246.72;-383.53;-3582.81;4584.37;-505.96;-5363.78;-2201.41;-42.75;179.03;1286.52;-1893.52;-478.43;436.87;-1604.14;4559.93;-2668.7;1996.89;1087.61;-296.73;1984.06;-235.63;-54.35;366.16;72.93;-406.15;-2333.6;-3706.91;1144.93;1082.84;284.2;-856.38;-818.36;2025.4;781.96;-1434.79;-633.84;-3467.37;5889.0;-11.38;-775.56;-4256.55;-208.03;-1005.81;-2811.33;-635.1;-1318.73;-5104.69;169.45;-3601.45;2087.52;267.96;136.51;-2120.5;-1738.96;-790.91;920.94;384.34;2047.36;3641.47;723.76;236.61;2500.73;-651.75;-1506.7;944.01;3203.68;2937.19;-2810.6;918.91;3400.55;-494.61;-1743.21;-253.17;2263.01;-405.5;-1.76;-1453.86;1244.39;1902.27;271.67;4941.51;-408.45;661.63;-1207.81;-1735.34;1141.96;-4109.46;2005.03;-569.88;-420.03;-82.45;-1484.2;1158.83;-1679.78;4147.14;2883.71;-33.81;-842.89;-521.99;-1071.8;1107.92;511.07;-691.78;-3689.85;-3137.03;-126.9;1753.13;71.9;-540.15;1572.86;-1139.46;-1585.59;2391.44;-3552.21;-2457.07,372,624.68
trade36,4489.74;-4080.76;-1097.17;618.71;160.61;3370.12;6373.85;-6817.79;89.19;835.69;-1921.9;1493.31;910.24;3700.83;4321.9;503.81;-373.78;1627.15;-708.22;-946.99;3189.12;-1284.18;6065.05;-1489.46;-1476.15;1118.26;464.37;-1157.44;1001.01;-1492.38;736.52;1177.13;3841.21;-2063.32;-198.02;1884.9;-1346.93;204.91;2984.06;-795.05;1137.08;847.41;-940.55;104.83;-457.76;270.6;2016.34;1551.81;2052.87;-1553.54;3695.43;1922.38;-970.54;-1889.39;1133.08;-1136.94;1335.03;600.94;-1478.14;3376.91;-340.24;-856.06;190.99;-1250.32;-156.43;734.75;890.97;470.64;-50.0;-2027.67;-8.6;1469.62;80.48;-1146.36;-942.39;1250.41;380.99;1697.54;1517.34;-123.24;-1121.51;1090.58;953.37;-2610.8;1961.82;781.33;-217.57;-1477.44;-1698.79;-621.77;-1015.22;-2571.91;-491.41;-187.6;-1809.06;-897.64;1510.57;1637.7;-1411.73;3658.43;2488.99;359.75;-1097.8;-1146.77;-2554.24;-2834.81;1655.35;-4228.53;1947.33;253.34;278.94;-419.54;-2643.68;-1406.43;-415.05;2656.03;-3646.29;-5496.44;1925.54;1475.82;999.52;3411.81;-180.37;-224.61;27.8;786.45;6326.06;-573.53;-1298.98;353.23;1319.13;2263.5;1426.23;-1140.41;-4397.2;-311.06;2705.05;-1810.37;1855.08;-215.09;114.33;-29.48;4486.13;267.02;-1548.4;134.96;796.12;397.27;816.25;-2492.37;2967.91;390.62;-205.25;464.55;-6887.39;358.26;2025.0;60.23;-69.99;-1195.76;265.5;-183.32;1163.87;-1027.78;-647.99;237.2;-1598.2;-2835.94;3636.14;2494.18;-708.28;1650.94;453.9;661.74;1414.64;142.55;3617.02;-719.14;5244.95;-344.69;1918.06;-653.2;-236.5;131.2;-1931.04;-269.4;-129.44;-1002.02;1723.59;62.59;-160.55;523.72;761.06;-4738.41;1877.07;-5502.58;475.0;472.92;1090.36;3219.38;213.65;-2867.89;-255.72;-3043.19;3696.17;255.33;2840.26;1101.2;1446.2;1344.78;2465.21;637.29;-2143.7;-116.12;-681.41;-3493.42;489.46;-2550.89;-591.51;1766.25;-3061.71;146.29;2315.73;-1535.48;2911.51;-236.73;2716.18;-1699.68;-805.41;452.05;-1604.74;3473.85;344.2;-655.78;1663.65;1203.4;844.28;419.45;-3287.86;4374.6;-322.23;1211.92;-1253.51;1376.43;3214.2;2612.47;-1764.63;-1677.97;-1210.44;-1464.09;2620.95;4540.07;2050.72;-264.21;2462.11;583.86;-56.1;-5085.12;2590.09;344.94;-861.77;1466.56;-1309.66;-4919.03;5319.13;-793.28;2804.5;-911.94;1705.82;-1764.16;141.48;-2199.61;-638.35;-493.51;447.08;1840.15;1055.43;-1044.06;4065.72;-1023.67;1138.03;389.48;-2608.17;-3845.67;-438.85;-16.49;-2642.52;-326.55;481.35;976.83;2498.5;-1422.35;6797.54;3388.58;1671.56;358.71;140.12;289.39;-300.5;-689.32;2440.43;1541.6;768.99;585.64;-643.04;-692.92;-610.58;-42.15;-785.86;-4151.97;-804.07;634.21;-379.6;-1786.61;-1433.58;1506.81;-834.14;2803.79;-3003.92;44.74;1986.29;63.8;514.57;-908.9;-8509.3;-2996.2;55.18;-7859.0;38.9;-912.79;-572.54;-344.17;-92.71;-1699.19;933.06;2843.35;-557.51;-2128.22;-1570.47;1857.26;4953.54;-1462.08;-1529.74;1344.44;-352.97;-71.12;1352.4;2901.4;789.22;5815.23;-1219.22;-297.48;1776.56;1308.24;-2923.71;-167.85;-2153.12;1436.94;-1681.22;-1466.5;-181.75;1452.26;357.96;-1349.81;-250.07;-1785.16;1925.15;-94.03;1129.73;591.4;2493.98;93.91,372,4489.74
trade37,2380.03;885.95;-554.15;1816.05;-2005.88;1357.17;1762.25;-1351.92;-1416.53;1998.22;-2268.74;-3400.13;-656.98;-807.36;-122.77;1894.15;294.17;2973.66;2892.75;-2071.55;-4662.63;1401.35;485.72;-912.79;69.47;-311.99;1017.33;-1563.53;-3904.97;-59.41;-4804.7;319.28;699.9;-2951.26;829.3;-652.55;1098.47;-1267.37;-2462.45;-221.08;-771.84;-26.36;185.62;573.66;1499.42;-307.06;-372.59;1028.75;-1313.49;1122.62;2007.21;-166.56;1583.42;3640.25;968.76;1473.28;-1224.15;2485.8;-279.06;3399.98;1647.54;-1106.15;-161.64;601.77;1875.88;-485.71;-1702.03;-4459.43;-602.7;-1447.73;1129.66;-5023.85;-1416.39;-1107.76;5851.56;2157.15;-667.03;944.04;-3718.9;-3525.37;-557.39;-7093.77;623.91;588.03;-2126.43;1244.58;994.24;5585.39;-386.53;2199.31;582.38;-2897.06;-695.46;-4372.82;918.67;299.43;-836.56;-23.74;514.39;1724.15;534.92;1580.78;815.37;-137.91;721.18;441.67;5974.95;1204.36;765.29;-2361.31;-4080.0;5376.72;-5115.14;16.15;-810.84;55.33;1849.01;505.04;-100.0;-351.94;-1614.09;-3418.26;4712.94;263.95;690.67;-687.77;1394.78;-6015.1;-950.63;-1784.82;-1098.6;2858.61;347.31;2702.25;-4625.26;736.2;-749.71;368.78;3603.36;1562.08;-52.37;-1178.31;658.74;2833.0;-132.04;-6271.54;-218.02;366.89;-385.02;-3658.5;1001.34;-2838.23;-387.96;-30.64;-1553.96;72.25;-1042.85;-3873.04;-438.25;375.9;-775.78;-4187.76;-5204.2;-2551.98;251.59;1848.82;-1243.81;669.98;4021.87;1899.27;-2550.69;307.07;-746.66;-2439.27;-920.15;-344.83;2254.56;2410.35;527.99;-520.1;-852.81;1439.96;-1961.14;-1792.54;2072.07;-4251.65;3328.28;4561.67;4671.06;-540.98;-2172.2;1842.14;499.25;385.02;-809.36;5.7;-671.14;1555.74;3810.46;1055.8;1842.98;293.31;-107.3;351.17;1599.41;1955.22;-394.74;168.97;-1285.0;523.84;1737.17;-2795.38;165.13;-1349.54;-1493.64;4482.78;2607.17;1190.4;-1957.73;-52.2;-3615.61;2082.54;-4277.41;2341.31;-4665.49;-141.72;4529.03;-12.06;-229.17;621.52;1114.42;3593.85;238.41;790.43;165.44;-1336.94;-4379.9;-417.81;357.62;1696.37;-1123.06;-645.97;1907.57;-839.6;-495.38;-1011.94;-589.31;-4563.47;2074.64;2528.28;1312.88;475.1;-1679.22;-234.41;927.83;-3111.12;-984.95;4224.32;1848.66;-1223.63;-3296.69;-1362.08;1872.15;-2160.75;-454.27;728.97;-145.32;1744.74;-553.85;-210.28;1604.94;3055.7;-866.97;-526.35;-1007.83;-3547.41;474.51;1813.33;900.96;-2311.14;-1055.42;1015.48;-370.25;-601.08;-1392.02;2246.49;3808.87;-2316.25;-1205.44;-1943.0;393.37;1773.69;1395.27;13.21;344.82;589.6;-6162.38;573.23;-264.02;499.04;-618.15;-384.22;-1248.44;4323.66;1970.44;-280.18;-1889.03;-811.92;-905.55;-7581.99;-1016.0;93.32;2735.24;-1187.94;298.23;321.01;693.31;1795.75;1660.68;-1527.74;5612.48;846.42;730.99;-1756.34;30.66;-2684.33;-2367.94;139.89;5800.09;2080.38;545.98;2016.38;424.23;2199.45;-3017.14;-2561.88;-821.81;-388.84;-574.73;-1779.33;-1341.97;1444.02;1978.18;-2056.81;1027.28;1111.26;-4072.16;-48.16;3257.86;-412.78;340.77;1133.02;4570.65;-1841.88;717.65;-4149.99;-1080.12;-3510.59;-4605.88;3584.28;-703.21;-1319.44;85.93;-1644.28;1398.98;2212.63;778.91;248.26;3184.42;-115.84;353.89;-801.77,372,2380.03
trade38,-1662.05;-2699.44;-1776.66;-114.02;849.68;-1014.18;3351.23;5171.31;9431.63;-3288.5;-331.44;-697.55;2663.06;-1466.59;-86.24;132.31;1238.18;-1456.24;3824.97;-330.73;-640.24;1780.37;-868.18;1463.98;-2111.09;4591.38;-3657.13;1318.1;693.24;-1060.74;3425.57;-1960.43;-1046.93;1709.23;711.17;684.5;2672.15;1224.28;237.37;-127.73;475.45;342.47;-109.92;4154.77;634.32;-1161.96;-1729.77;837.14;1826.52;-3244.96;985.95;922.9;381.85;749.75;2245.77;1697.99;-21.39;2091.86;-443.99;3476.01;1578.62;2744.64;-873.41;1545.71;154.36;-2573.25;1746.22;-46.65;2046.5;549.77;-1394.4;4650.69;1666.53;-489.55;646.58;-2616.54;149.45;1392.44;-2473.98;-1961.52;-677.16;1968.51;3327.14;-1781.78;2236.77;-27.24;4377.68;-106.0;-3564.36;-388.29;-5550.21;-5582.22;1046.26;820.83;8327.54;1688.34;2159.63;-1993.14;-4244.33;712.53;2794.91;1.6;116.1;-99.26;-292.86;3424.63;1887.82;1808.2;1463.45;1812.3;-1542.94;-7461.6;-2134.04;-1397.76;-255.11;2183.1;-4018.84;-941.76;-189.38;573.84;-95.41;-1583.11;971.78;557.42;-1578.46;767.03;358.37;-151.79;367.86;-3399.46;1710.39;-4206.25;-1302.82;-4497.76;1490.02;-3599.72;-772.01;-1910.92;719.79;-3390.58;3009.05;371.88;-105.02;2384.37;1667.18;-583.42;10949.67;-1012.96;1550.05;611.64;-433.99;892.72;1119.95;534.71;-7.19;1314.81;522.25;-996.59;149.53;-996.37;2216.59;-938.89;757.28;755.22;1255.6;663.83;2320.36;-169.41;-1138.76;-451.77;66.85;370.75;52.84;-2151.08;-3307.1;-4222.4;1778.64;1470.05;-155.85;-1195.72;-299.25;1604.09;-4791.56;1560.99;-1056.06;1078.98;1881.36;-35.88;-1106.44;-1588.56;512.32;-843.22;5692.57;354.2;-939.14;241.68;-58.18;2581.73;-901.69;-209.22;2766.46;1240.34;447.25;2667.44;1759.62;2101.64;-706.57;1392.29;511.84;1219.52;-483.61;806.85;-538.99;2753.23;-430.43;-0.54;331.39;-1695.91;8.46;868.77;893.12;1705.61;-383.93;-1181.9;191.79;-429.78;2786.55;583.96;-1343.62;2517.42;457.06;3580.84;-194.26;-997.32;115.59;-4843.92;-1695.94;1095.67;-1934.31;-3100.38;920.64;1001.38;2162.85;-5225.26;395.1;2301.78;-218.32;-1277.99;3084.39;-1187.98;-3171.53;799.08;-4427.18;1744.37;238.72;-381.96;3442.85;909.79;1186.87;123.15;108.69;-764.09;2397.94;1408.31;491.46;-495.35;-1749.26;-2308.98;2736.92;-918.91;-816.27;1969.74;892.77;-635.81;-1425.12;-1380.77;3748.93;-626.37;-6907.89;921.27;-2373.29;-86.67;-5525.35;4696.98;3161.35;422.82;715.61;-362.92;-945.85;-1023.28;1763.74;-2181.23;-670.42;-3799.05;1336.21;-1218.2;-1089.08;1884.79;12.65;-1830.15;3601.21;-509.66;-1069.52;548.28;-1200.15;3562.33;-1039.26;-5924.13;3978.88;2887.43;614.85;1894.29;-1444.39;-1533.48;897.51;4885.18;-158.18;-2361.89;-4590.63;-1016.16;1616.06;-2467.88;305.68;-7507.52;-20.05;-734.27;2825.4;-22.52;2508.39;55.61;-2668.55;-1306.84;449.17;790.73;4040.04;2750.47;-2217.77;1061.52;-774.4;-16.48;551.13;1527.58;-2428.93;140.72;928.88;842.69;3026.79;-2599.84;-3511.06;-2857.2;554.71;-382.38;-4617.57;-1598.63;1909.14;-265.93;-211.72;460.97;-484.66;735.52;139.77;1411.13;11.86;822.99;2120.72;325.81;-3702.73;-410.32;-896.86;-2531.74;1125.32;-1593.77,372,-1662.05
trade39,1290.05;-1595.86;-1769.87;402.83;18.75;429.25;-743.88;-644.2;-660.34;2128.0;860.19;185.22;-1274.02;-102.85;-646.78;4231.61;1499.73;2914.4;-4838.48;1297.39;4081.39;1751.71;184.53;-486.79;-713.63;-4842.76;2457.16;806.17;2101.87;-1584.52;-2763.14;-1864.59;1283.9;1712.53;1401.42;3889.25;2073.28;853.58;207.63;-1857.66;-5850.2;-4459.38;1266.72;-2004.93;-3674.45;-1053.52;685.78;5126.22;40.05;-1940.24;935.9;-63.55;69.26;2344.47;696.28;-3404.86;-285.22;-727.43;-339.81;-168.62;-86.9;2082.23;1008.69;-334.86;-598.46;-618.99;970.31;-743.2;4908.17;2820.17;1420.72;1645.47;-1183.44;881.46;-1973.57;1454.15;-3925.43;-502.78;-2723.48;-1365.83;249.22;997.62;4349.26;5020.62;6.23;-1110.39;405.97;791.09;917.38;-1868.91;1723.18;-1053.41;-2180.87;-2269.03;2667.66;735.16;-2011.65;-2082.08;-98.2;-35.49;738.67;-3999.65;1877.86;1017.91;292.45;1590.01;1153.08;-1850.61;-2310.86;-3879.92;-2764.84;216.44;-1499.3;-282.16;-915.43;-1669.41;3073.4;363.9;773.8;229.23;1111.72;5639.41;-544.17;788.01;-4928.64;-227.83;-3416.42;-3569.89;-5110.98;-3747.5;2339.65;927.02;631.5;2116.36;-3913.26;-810.18;491.91;-1591.56;3775.51;-4091.36;-2102.48;-6168.83;3712.8;-1819.4;-1908.01;151.37;878.85;771.9;-4120.16;215.11;893.2;599.15;-3107.64;-568.17;762.38;577.15;829.03;1302.06;-2571.33;-390.22;3422.34;-173.65;-142.17;-946.6;1654.11;-1807.55;-6310.24;707.26;250.35;165.04;-4210.88;-402.87;-1272.86;5886.4;-626.32;-748.95;-927.82;3159.55;2987.38;1294.21;-2572.04;-1204.45;1161.02;-1633.97;2400.07;287.6;188.3;89.7;97.32;73.75;525.67;907.5;5271.81;-1831.62;904.68;2684.48;945.1;-680.04;-864.3;-611.0;2417.71;6879.83;-854.11;-1462.88;-372.54;2874.19;-2546.4;1869.32;859.07;499.69;2576.86;804.57;830.82;2623.6;-1545.72;-738.29;-916.55;-47.09;-6438.11;2696.5;-2698.82;-1042.01;373.78;-1768.93;555.59;-1757.64;2781.61;-1572.18;141.54;3337.05;2955.81;2022.33;-749.44;2259.2;1781.31;1582.03;603.35;-1756.38;816.93;-1549.21;1045.27;-1309.37;1549.71;-1908.05;1567.82;1210.22;-1222.38;2567.44;4333.53;3560.53;514.06;435.13;-1485.01;237.96;-1480.85;1213.96;-603.52;5592.88;-1937.4;-747.87;1542.82;585.09;-1154.6;-427.71;3811.63;-1030.94;517.14;4601.02;-496.24;71.61;88.55;2937.2;-627.38;19.35;238.8;-2396.42;227.26;-4353.78;-1327.17;-2467.5;-850.17;1406.62;-426.95;999.84;655.63;1679.55;2840.89;-770.28;2007.78;1599.91;-1472.44;-401.78;815.74;-1978.87;628.75;-778.8;-1773.94;269.8;-891.95;-646.03;1031.34;-3160.52;208.7;813.91;1251.96;-2239.11;-2196.44;-2650.85;364.54;-1231.72;-5819.34;-2492.61;-3651.77;307.07;1907.09;-452.75;805.56;585.42;-191.67;-8059.15;-2356.8;2953.34;-1352.33;-258.76;-6210.99;1688.43;-575.8;-2330.14;1001.25;-638.67;1389.51;2272.01;-262.82;347.72;-4557.81;-2333.96;-446.41;-2391.7;-83.9;1342.47;-674.94;2719.17;2549.01;3285.55;3201.24;-752.48;-432.52;284.19;-1490.1;-179.35;-968.37;2568.92;-621.88;-271.39;-89.69;-370.32;-4890.05;2536.18;6320.5;71.33;2603.3;-168.98;2665.63;1587.8;361.01;3551.31;-1639.4;1029.24;-658.09;-806.81;1661.84;6852.58,371,1290.05
trade40,-508.31;-166.33;644.67;-3123.34;-97.58;-226.65;-1485.99;1626.51;-816.76;187.9;-703.1;803.97;5620.77;482.41;-1184.66;788.23;-5814.75;-1614.92;3495.21;567.67;-2554.16;990.0;-665.07;-2835.83;-867.67;-885.64;-1067.7;-1105.4;-3182.68;-2189.66;272.11;-2397.48;1548.11;144.62;-4501.24;-2162.43;-2998.16;303.27;2973.02;-592.37;-1794.03;1723.9;-638.75;-2679.7;-157.63;-872.97;531.5;2261.56;610.34;1314.78;1370.96;1549.03;-1738.53;142.02;-900.69;-263.65;-993.51;-227.32;-1536.4;3019.77;213.64;3631.39;1125.08;2035.22;2034.4;448.37;2010.08;4826.87;3226.67;-611.14;1526.74;1986.2;-3968.44;3167.41;2581.86;-1982.28;312.97;-973.02;-771.56;1860.21;1671.48;880.41;-2192.18;-410.13;281.97;-123.83;956.24;874.41;89.28;-1924.73;-869.91;4208.68;427.26;-994.33;2402.06;-1797.62;-459.62;225.49;-2141.32;1148.06;538.38;-4155.7;2539.59;1500.18;-3370.71;3386.99;-3803.38;-1024.81;702.75;-2592.9;888.08;1052.13;2241.07;-363.21;-1489.35;-1380.86;-682.98;4103.75;-108.41;2237.2;154.68;1571.82;-3090.89;-2827.16;-282.51;-1590.39;-724.9;924.28;-1055.9;-418.24;1687.1;2360.83;-1986.96;-1078.29;487.42;-100.52;-853.04;-322.83;1937.58;-398.65;559.32;1508.55;-2569.89;-1403.5;1872.31;-2148.25;1964.39;-1783.49;733.59;453.02;-1232.48;265.67;1435.92;2016.07;681.97;374.65;-1493.13;-3479.12;1574.28;-2290.37;4144.14;306.48;4033.76;-0.4;2659.36;-770.09;4178.55;-641.54;-42.51;232.87;881.42;936.39;1535.98;127.22;519.2;-530.33;-2058.75;938.6;-1105.08;386.76;1250.79;-1143.16;-177.85;1812.06;-934.79;1787.65;-1764.88;-1092.45;588.06;134.31;-5634.49;-164.34;-2304.06;1513.66;1499.5;-328.67;-114.43;154.98;-174.58;773.05;1839.56;1130.3;-1603.0;1896.72;-3063.99;-241.49;-248.32;-2765.77;-14.56;1399.76;12.28;-3136.85;-1149.12;-3435.73;-669.15;2826.42;3838.24;-1061.68;-1441.57;2498.24;492.51;1455.62;908.21;1361.51;-470.81;902.9;-764.28;-3313.39;1614.13;461.91;-313.59;1597.31;-136.81;-1084.05;-5573.11;456.61;-533.36;-38.71;1556.3;-1330.66;455.76;506.15;492.93;78.41;-2683.96;2641.36;4318.61;-652.52;-903.14;519.65;-1973.8;-1633.26;479.47;269.43;3047.18;4303.89;1650.97;-1271.98;-2406.89;230.46;-175.09;152.15;-2286.42;897.41;1581.83;-3251.98;-1288.17;-390.69;-790.37;-773.22;2564.3;-3211.08;-3254.89;-1447.83;-5582.97;-894.29;-273.32;-864.1;-2805.67;4295.68;-2537.26;-621.95;-1942.62;1974.91;-2437.02;-2801.15;2441.05;-3581.89;657.82;1860.85;-1942.04;-944.43;-2178.15;-3525.93;3451.89;816.35;-1490.36;1098.17;-1808.91;-666.33;-819.56;-451.37;6004.12;-496.13;2763.88;383.44;-174.26;2195.12;-3115.41;-2881.09;712.76;459.99;-341.33;-547.76;-2686.62;-1066.88;-1118.94;1436.18;-326.77;623.86;-1057.58;-57.24;-348.04;1057.69;1232.74;-495.73;273.57;1548.53;-2118.17;-807.26;1917.24;-281.38;-750.49;814.22;-4233.27;-2273.57;-2152.95;-1347.73;-4963.07;673.11;-1178.72;-1687.71;1577.5;2778.04;-2373.38;1146.8;419.34;-1368.02;-403.5;525.25;6675.52;-2770.18;3314.03;-271.97;2028.06;427.37;3591.81;1488.29;-448.56;341.42;-4.67;-398.4;-780.46;-1537.87;-974.48;936.61;-406.38;601.34;-4655.94;-679.21;614.29;21.63,372,-508.31
trade41,2047.46;-582.65;710.87;-1338.92;749.58;-2340.88;1318.3;-652.78;495.76;-1998.35;939.87;637.72;-1800.36;-1748.71;-1714.48;-1328.03;-558.93;372.55;-1396.36;225.35;-4474.39;-2058.38;2878.03;177.28;-1982.41;657.03;1703.5;251.21;1589.71;776.3;402.67;-650.73;-751.7;1042.85;1374.43;-1167.38;3528.88;-420.91;-256.48;-574.46;-419.15;5921.04;-7.65;-1833.76;-2697.84;-1185.74;-875.69;-2536.82;-926.64;626.72;1189.78;-4025.99;721.96;-950.33;-4405.27;-5900.61;-1430.23;1343.24;1509.18;-2091.94;4562.36;749.19;2271.71;-4032.9;-3300.02;947.27;-1824.21;2363.2;-1645.69;-969.34;-558.11;1417.15;-906.31;833.31;1038.77;-1091.49;2936.77;114.13;-635.15;-9.51;953.52;-262.38;4343.47;-576.52;-3723.63;4517.77;847.46;-2497.16;-1809.19;2123.79;3081.75;-5791.58;-489.4;1016.94;-269.49;-1575.54;110.68;-951.75;1148.53;12.28;1591.87;-46.28;1335.05;1759.55;-1699.96;2564.96;2298.41;433.76;5330.24;64.76;-2042.27;-796.47;-1901.96;-844.76;703.0;3535.68;725.46;-1593.63;-104.44;-5503.28;-1515.07;1694.98;930.5;592.86;-23.5;2341.2;-402.47;-1212.13;6656.77;-5416.85;53.51;447.44;3179.99;1854.69;1820.16;1383.4;2143.0;1621.95;1642.41;-2793.35;-2257.04;2886.23;134.48;238.17;-2535.56;-2081.52;1290.91;-674.73;3871.8;2053.95;-3280.79;-653.25;3260.21;951.97;-5759.21;-3150.38;-1056.71;2508.13;-3976.48;5125.64;3706.31;-3669.36;-1628.8;-3289.43;344.49;-449.45;-1352.63;-3599.16;747.99;-58.03;5203.52;-624.13;292.16;-534.54;630.72;-1782.18;-584.29;4597.95;-1294.78;-860.3;-6795.46;-645.25;975.34;3534.36;-1988.97;-1796.61;1931.16;-949.15;-875.26;549.12;233.3;3508.01;2088.85;574.51;-2910.94;196.36;-993.53;2750.41;-2452.27;-945.53;-4059.93;1025.65;4072.04;6203.56;173.16;253.3;215.84;-5109.88;2005.45;-2993.32;-3500.3;4064.46;-516.78;-1067.48;6505.42;4856.13;-2262.39;-1298.79;-642.33;473.53;2594.02;-854.5;865.3;1123.13;-7880.26;400.92;-2675.61;130.19;-2161.92;-452.5;-1878.74;-131.33;-208.03;183.3;-742.51;122.73;-275.69;-781.99;-702.55;943.37;1161.03;1161.46;1782.42;1903.85;-825.95;763.08;2381.57;7890.43;3001.57;-330.93;-67.79;1413.01;-605.65;4708.6;-1013.34;359.09;-887.49;386.7;-1176.89;2470.98;2024.82;788.82;-1631.64;-2256.5;-2503.54;-978.62;299.78;913.64;-1548.17;4841.51;-1017.5;1419.82;2130.56;146.87;-373.17;141.73;-1713.67;876.37;-1195.7;-1612.31;3117.68;2422.81;3264.49;676.29;-700.7;418.48;-721.99;6578.95;603.34;-1471.63;-124.41;323.51;278.14;253.29;822.07;-787.36;1999.54;1627.15;-4258.26;2630.43;2101.39;1003.4;-2326.37;-4385.1;841.37;2948.91;1414.8;-2228.0;-608.22;-346.48;673.22;-1802.79;1524.22;751.37;907.12;-852.58;-1082.02;527.61;-3456.51;4847.06;-1006.03;3571.28;-3243.88;-328.5;-1011.08;454.53;1708.79;674.45;-676.09;-173.56;-131.09;331.07;-1012.56;-1014.56;-1508.55;-1159.71;-1211.35;-738.42;-126.32;668.42;-1075.57;-358.68;100.72;2044.59;2416.3;-75.87;-357.57;-880.5;2818.98;3212.08;-1070.43;-216.19;5270.52;1001.59;-221.87;-235.15;-861.68;-494.79;-2285.19;-721.06;-3779.3;-2098.65;-1066.83;158.75;2993.63;1560.06;91.22;-1367.89;2886.35;2489.34;-1887.44;242.63,372,2047.46
trade42,1064.96;-1735.59;622.98;-231.83;1116.85;-948.53;-620.6;992.7;228.5;-1051.47;-4767.99;-406.12;344.68;-3620.54;3292.82;-1419.94;2392.08;601.78;3223.95;1775.58;-1449.57;1205.63;-982.4;-2167.83;-2380.43;-898.58;-1356.26;228.81;3043.53;-441.13;-448.89;3887.29;-1039.06;-2967.91;595.73;140.44;-4263.75;2046.33;1092.94;1589.75;1237.91;1991.27;1137.72;-141.59;-832.03;936.09;-3106.66;492.92;3030.95;187.4;924.57;3571.58;-148.76;1502.41;-543.62;1857.89;5895.57;-4283.96;2117.62;51.42;4303.9;2409.37;-348.8;-2422.24;-1786.04;1033.62;546.67;-2237.82;-6.19;-3902.44;-157.91;777.92;-3919.44;-2195.4;-3077.15;2366.3;532.68;-4201.09;3878.02;-302.76;2245.76;2240.98;-1171.9;2033.86;1406.78;-2911.32;-1190.46;-2465.35;-1437.69;-2051.61;-643.71;58.42;493.45;-128.24;-2188.12;727.16;-1220.43;211.25;-6132.4;-244.17;485.5;-94.28;-481.64;-320.7;535.95;-65.51;277.56;1640.93;-4408.45;-124.15;983.84;-661.86;-3659.06;-784.24;-1298.42;-759.3;84.11;-1598.13;736.7;3360.31;1998.24;92.89;2213.22;1528.02;-1477.6;-1343.83;-1483.74;5802.37;-2256.77;-684.48;-1193.95;2795.39;-1086.26;52.67;-6834.1;1013.34;-754.41;-613.08;-633.18;-220.51;-664.69;1185.15;937.99;1421.05;-622.97;1403.81;-1821.44;2826.89;-3302.91;2262.6;3122.48;255.87;-1975.04;5368.95;-600.14;1750.52;1270.5;606.64;-3119.15;281.13;290.53;480.95;2543.33;-841.24;1003.4;1163.44;2209.05;796.39;4383.18;1036.91;-3862.11;-758.34;-370.76;-1109.37;913.51;289.99;-2054.15;-5560.71;-878.34;1094.08;593.91;-2025.07;-518.35;-1127.08;529.78;-647.8;2773.7;-241.27;370.94;4230.64;1858.0;-212.29;2662.21;-1712.85;-2657.53;-1533.86;1102.89;-96.65;384.52;559.8;2052.28;2386.49;245.2;1859.85;-449.18;-1484.74;-2997.64;1415.11;1751.02;397.53;349.62;-1689.75;1382.32;618.72;-30.25;-382.84;411.74;-4160.91;3998.15;1828.42;-1108.14;637.03;218.75;1995.31;-2106.85;-1372.92;-69.2;-439.35;-2700.56;1815.83;1722.73;2067.49;3086.64;-534.04;-2961.98;-158.65;5253.33;-3122.27;664.49;-1540.11;-4360.63;-1637.31;-509.33;4033.19;-830.61;2762.63;1317.0;-76.52;-550.6;-255.97;818.78;6378.3;-6846.62;-3539.82;3321.39;1385.51;7572.51;354.7;1013.48;4123.75;4038.01;8168.23;-280.76;-342.78;1207.51;3268.36;-830.84;-3857.48;-355.2;344.18;-516.38;-252.51;-682.52;1045.49;-780.17;-2528.78;-6711.97;-1285.2;52.52;884.4;-99.11;2347.72;1834.85;-609.35;3603.14;4714.86;912.64;-437.18;2514.06;3295.55;-334.64;106.11;-2365.63;1122.64;-281.51;1166.79;2203.74;421.24;-734.88;-19.37;-1916.56;-329.53;1753.56;502.12;612.24;-1452.0;-4263.34;3423.18;740.57;3579.03;-2494.14;2847.39;-934.82;-3235.15;1451.38;5134.21;-2.59;-232.08;2052.18;-1782.43;-1703.8;-1667.62;715.98;-976.83;3770.23;388.16;-1185.06;-2159.75;-208.23;2853.66;-905.65;-3854.36;1334.51;-4369.39;447.07;-437.37;-456.23;-362.32;3994.88;545.15;703.09;-409.88;-5364.95;-127.49;-405.64;3046.37;2574.08;3297.22;980.93;-756.02;-774.33;1538.55;-3426.36;-303.47;1498.45;5.71;4055.34;-1819.09;-3002.23;-1885.25;-1796.18;1686.11;-982.81;3030.36;-4009.74;1669.39;499.42;-2022.45;-1406.12;-1402.84;-143.49;-1868.03,372,1064.96
